,title,description
0,anies gandeng delapan aplikator masalah,harap penandatanganan banyak masalah kota selesai sama anies
1,oppo a mulai pes harga,kendati belum luncur oppo a mulai tawar lewat blind pre order lantas harga
2,soal bukalapak phk karyawan merger blibli lazada,berita soal bukalapak phk karyawan merger blibli lazada baru hari sumber percaya
3,bj habibie tinggal dunia startup unicorn indonesia duka,berita bj habibie tinggal dunia startup unicorn indonesia duka baru hari sumber percaya
4,phk jumlah total karyawan bukalapak,bukalapak laku phk jumlah karyawan divisi cara total berapa jumlah karyawan startup indonesia status unicorn sebut
5,mau lancar bisnis digital pintar kolaborasi,langkah utama laku ubah cara pikir lebih inovatif
6,bukalapak phk karyawan fakta balik,bukalapak baru laku putus hubung karyawan phk hadap jumlah karyawan ikut enam fakta balik phk karyawan bukalapak
7,bukalapak phk karyawan resah muncul bulan lalu,berita bukalapak phk karyawan resah muncul bulan lalu baru hari sumber percaya
8,soal bukalapak phk karyawan pakar agresif sih,berita soal bukalapak phk karyawan pakar agresif sih baru hari sumber percaya
9,saing startup makin ketat bikin unicorn laku efisiensi,efisiensi laku bukalapak sorot banyak pihak alas bukalapak laku efisiensi startup raih untung
10,bukalapak phk karyawan kirain adem ayem,berita bukalapak phk karyawan kirain adem ayem baru hari sumber percaya
11,rangkum berita startup teknologi indonesia pek september,berita startup pekan hadir tokopedia baru resmi tokopedia care tower layan baru modal bantu pedangang pasar lokal the post rangkum berita startup teknologi indonesia pek september appeared first on
12,jokowi butuh sdm kuasa teknologi hybrid,presiden jokowi indonesia butuh sumber daya manusia sdm kuasa hybrid knowledge hybrid skill
13,unicorn phk fenomena,bukalapak punya status unicorn usaha punya nilai usaha us miliar triliun valuasi sebebsar kok phk karyawannya
14,dompet digital mudah utang dampak,berita dompet digital mudah utang dampak baru hari sumber percaya
15,destinasi indonesia tualang,indonesia milik jumlah wisata agam sudut tarik kunjung sama teman teman tualang
